{"loss": [2.0024194717407227, 1.7329469919204712, 1.5440610647201538, 1.5506792068481445, 1.5113152265548706, 1.4043958187103271, 1.3932654857635498, 1.2745368480682373, 1.2800081968307495, 1.312299132347107, 1.2597423791885376, 1.2354395389556885, 1.1323904991149902, 1.0770951509475708, 1.0060999393463135, 1.0089378356933594, 1.0078223943710327, 0.9243488907814026, 0.916835367679596, 0.8970453143119812, 0.7961084246635437, 0.8636171817779541, 0.8207902908325195, 0.7343589663505554, 0.7240791320800781, 0.7051925659179688, 0.7144378423690796, 0.6708548069000244, 0.6373878717422485, 0.6149619221687317, 0.6150304675102234], "accuracy": [0.284105122089386, 0.3767209053039551, 0.4380475580692291, 0.4693366587162018, 0.495619535446167, 0.5131414532661438, 0.5106382966041565, 0.5907384157180786, 0.5607008934020996, 0.5757196545600891, 0.5732164978981018, 0.5957446694374084, 0.6195244193077087, 0.6395494341850281, 0.6708385348320007, 0.6670838594436646, 0.6633291840553284, 0.682102620601654, 0.6971213817596436, 0.6896120309829712, 0.7421777248382568, 0.7146432995796204, 0.715894877910614, 0.7647058963775635, 0.7609511613845825, 0.7634543180465698, 0.7571964859962463, 0.7734668254852295, 0.7722152471542358, 0.7972465753555298, 0.7997496724128723], "val_loss": [2.300403118133545, 3.060716152191162, 4.240793228149414, 7.240657806396484, 7.929168701171875, 6.373094081878662, 4.595454216003418, 3.7127716541290283, 2.5791878700256348, 2.4470815658569336, 1.708000898361206, 1.2997280359268188, 1.5497938394546509, 1.3892751932144165, 1.3027102947235107, 1.4993973970413208, 1.2137126922607422, 1.3134312629699707, 1.657962441444397, 1.402656078338623, 1.2091201543807983, 1.4661624431610107, 1.502795696258545, 1.9729934930801392, 1.4283310174942017, 1.5047433376312256, 1.4105650186538696, 1.6903671026229858, 1.7200381755828857, 1.882143259048462, 1.5568286180496216], "val_accuracy": [0.12999999523162842, 0.15000000596046448, 0.12999999523162842, 0.17000000178813934, 0.14000000059604645, 0.18000000715255737, 0.20999999344348907, 0.23999999463558197, 0.28999999165534973, 0.3100000023841858, 0.4699999988079071, 0.5400000214576721, 0.5, 0.5600000023841858, 0.6100000143051147, 0.5299999713897705, 0.6100000143051147, 0.5799999833106995, 0.5099999904632568, 0.5299999713897705, 0.6000000238418579, 0.5400000214576721, 0.5400000214576721, 0.5400000214576721, 0.550000011920929, 0.6000000238418579, 0.6100000143051147, 0.5600000023841858, 0.6000000238418579, 0.6000000238418579, 0.6100000143051147]}